Facultad,Escuela,Sede,Modalidad,Nivel Académico,Nivel de Formación,Nombre del Programa
"Facultad de Ingeniería, Diseño e Innovación",Escuela de Ciencias Básicas,Bogotá D.C,Presencial,Pregrado,Profesional,Ingeniería En Ciencia De Datos
"Facultad de Ingeniería, Diseño e Innovación",Escuela de Ciencias Básicas,Bogotá D.C,Presencial,Pregrado,Profesional,Matemáticas
"Facultad de Ingeniería, Diseño e Innovación",Escuela de Ciencias Básicas,Nacional,Virtual,Posgrado,Maestría,Maestría En Educación Con Stem
"Facultad de Ingeniería, Diseño e Innovación",Escuela de Ciencias Básicas,Nacional,Virtual,Posgrado,Maestría,Maestría En Analítica De Datos
"Facultad de Ingeniería, Diseño e Innovación",Escuela de Ciencias Básicas,Nacional,Virtual,Pregrado,Profesional,Profesional En Ciencia De Datos
"Facultad de Ingeniería, Diseño e Innovación",Escuela de Diseño,Nacional,Virtual,Pregrado,Profesional,Diseño Digital
"Facultad de Ingeniería, Diseño e Innovación",Escuela de Diseño,Bogotá D.C,Presencial,Pregrado,Profesional,Diseño Interactivo
"Facultad de Ingeniería, Diseño e Innovación",Escuela de Diseño,Bogotá D.C,Presencial,Pregrado,Profesional,Diseño De Modas
"Facultad de Ingeniería, Diseño e Innovación",Escuela de Diseño,Bogotá D.C,Presencial,Pregrado,Profesional,Diseño Gráfico
"Facultad de Ingeniería, Diseño e Innovación",Escuela de Diseño,Medellín,Presencial,Pregrado,Profesional,Diseño Gráfico
"Facultad de Ingeniería, Diseño e Innovación",Escuela de Diseño,Bogotá D.C,Presencial,Pregrado,Profesional,Diseño Industrial
"Facultad de Ingeniería, Diseño e Innovación",Escuela de las Tecnologías de la Información y las Comunicaciones,Medellín,Presencial,Pregrado,Profesional,Ingeniería De Sistemas
"Facultad de Ingeniería, Diseño e Innovación",Escuela de las Tecnologías de la Información y las Comunicaciones,Bogotá D.C,Presencial,Posgrado,Especialización,Especialización En Gerencia De Proyectos De Telecomunicaciones
"Facultad de Ingeniería, Diseño e Innovación",Escuela de las Tecnologías de la Información y las Comunicaciones,Nacional,Virtual,Posgrado,Especialización,Especialización En Seguridad De La Información
"Facultad de Ingeniería, Diseño e Innovación",Escuela de las Tecnologías de la Información y las Comunicaciones,Bogotá D.C,Presencial,Pregrado,Profesional,Ingeniería De Sistemas
"Facultad de Ingeniería, Diseño e Innovación",Escuela de las Tecnologías de la Información y las Comunicaciones,Bogotá D.C,Presencial,Pregrado,Profesional,Ingeniería En Telecomunicaciones
"Facultad de Ingeniería, Diseño e Innovación",Escuela de las Tecnologías de la Información y las Comunicaciones,Nacional,Virtual,Pregrado,Profesional,Ingeniería De Software
"Facultad de Ingeniería, Diseño e Innovación",Escuela de las Tecnologías de la Información y las Comunicaciones,Nacional,Virtual,Pregrado,Profesional,Ingeniería En Seguridad De La Información
"Facultad de Ingeniería, Diseño e Innovación",Escuela de las Tecnologías de la Información y las Comunicaciones,Nacional,Virtual,Posgrado,Especialización,Especialización En Gobernanza De Datos
"Facultad de Ingeniería, Diseño e Innovación",Escuela de las Tecnologías de la Información y las Comunicaciones,Nacional,Virtual,Posgrado,Maestría,Maestría En Arquitectura De Software
"Facultad de Ingeniería, Diseño e Innovación",Escuela de las Tecnologías de la Información y las Comunicaciones,Nacional,Virtual,Posgrado,Maestría,Maestría En Inteligencia Artificial Y Computación
"Facultad de Ingeniería, Diseño e Innovación",Escuela de las Tecnologías de la Información y las Comunicaciones,Bogotá D.C,Presencial,Pregrado,Tecnológico,Tecnología En Desarrollo De Software
"Facultad de Ingeniería, Diseño e Innovación","Escuela de Optimización, Infraestructura y Automatización",Bogotá D.C,Presencial,Posgrado,Especialización,Especialización En Logística Y Gestión De La Cadena De Abastecimiento
"Facultad de Ingeniería, Diseño e Innovación","Escuela de Optimización, Infraestructura y Automatización",Nacional,Virtual,Pregrado,Profesional,Ingeniería Industrial
"Facultad de Ingeniería, Diseño e Innovación","Escuela de Optimización, Infraestructura y Automatización",Nacional,Virtual,Pregrado,Tecnológico,Tecnología En Logística
"Facultad de Ingeniería, Diseño e Innovación","Escuela de Optimización, Infraestructura y Automatización",Bogotá D.C,Presencial,Posgrado,Maestría,Maestría En Ingeniería Industrial
"Facultad de Ingeniería, Diseño e Innovación","Escuela de Optimización, Infraestructura y Automatización",Medellín,Presencial,Pregrado,Profesional,Ingeniería Industrial
"Facultad de Ingeniería, Diseño e Innovación","Escuela de Optimización, Infraestructura y Automatización",Bogotá D.C,Presencial,Pregrado,Profesional,Ingeniería Industrial
"Facultad de Ingeniería, Diseño e Innovación","Escuela de Optimización, Infraestructura y Automatización",Nacional,Virtual,Posgrado,Maestría,Maestría En Gerencia De Proyectos
"Facultad de Ingeniería, Diseño e Innovación","Escuela de Optimización, Infraestructura y Automatización",Nacional,Virtual,Posgrado,Especialización,Especialización En Gerencia De Proyectos En Inteligencia De Negocios
"Facultad de Negocios, Gestión y Sostenibilidad",Escuela de Administración y Competitividad,Bogotá D.C,Presencial,Pregrado,Profesional,Finanzas
"Facultad de Negocios, Gestión y Sostenibilidad",Escuela de Administración y Competitividad,Nacional,Virtual,Pregrado,Profesional,Administración En Agronegocios
"Facultad de Negocios, Gestión y Sostenibilidad",Escuela de Administración y Competitividad,Nacional,Virtual,Posgrado,Especialización,Especialización En Gestión Empresarial
"Facultad de Negocios, Gestión y Sostenibilidad",Escuela de Administración y Competitividad,Nacional,Virtual,Pregrado,Tecnológico,Tecnología En Gestión Bancaria Y Entidades Financieras
"Facultad de Negocios, Gestión y Sostenibilidad",Escuela de Administración y Competitividad,Bogotá D.C,Presencial,Posgrado,Especialización,Especialización En Gestión Empresarial
"Facultad de Negocios, Gestión y Sostenibilidad",Escuela de Administración y Competitividad,Bogotá D.C,Presencial,Posgrado,Especialización,Especialización En Gerencia De Riesgos Y Seguros
"Facultad de Negocios, Gestión y Sostenibilidad",Escuela de Administración y Competitividad,Nacional,Virtual,Pregrado,Tecnológico,Tecnología En Gestión Ambiental
"Facultad de Negocios, Gestión y Sostenibilidad",Escuela de Administración y Competitividad,Nacional,Virtual,Posgrado,Especialización,Especialización En Gerencia De Riesgos Y Seguros
"Facultad de Negocios, Gestión y Sostenibilidad",Escuela de Administración y Competitividad,Medellín,Presencial,Pregrado,Profesional,Administración De Empresas
"Facultad de Negocios, Gestión y Sostenibilidad",Escuela de Administración y Competitividad,Bogotá D.C,Presencial,Posgrado,Especialización,Especialización En Gerencia De Finanzas
"Facultad de Negocios, Gestión y Sostenibilidad",Escuela de Administración y Competitividad,Nacional,Virtual,Pregrado,Profesional,Administración Pública
"Facultad de Negocios, Gestión y Sostenibilidad",Escuela de Administración y Competitividad,Nacional,Virtual,Pregrado,Tecnológico,Tecnología En Gestión Financiera
"Facultad de Negocios, Gestión y Sostenibilidad",Escuela de Administración y Competitividad,Bogotá D.C,Presencial,Pregrado,Profesional,Administración De Empresas
"Facultad de Negocios, Gestión y Sostenibilidad",Escuela de Administración y Competitividad,Nacional,Virtual,Pregrado,Profesional,Administración De Empresas
"Facultad de Negocios, Gestión y Sostenibilidad",Escuela de Administración y Competitividad,Nacional,Virtual,Posgrado,Especialización,Especialización En Gerencia De Finanzas
"Facultad de Negocios, Gestión y Sostenibilidad",Escuela de Administración y Competitividad,Nacional,Virtual,Posgrado,Maestría,Maestría En Gestión Pública
"Facultad de Negocios, Gestión y Sostenibilidad",Escuela de Administración y Competitividad,Nacional,Virtual,Posgrado,Maestría,Maestría En Administración En Salud
"Facultad de Negocios, Gestión y Sostenibilidad",Escuela de Administración y Competitividad,Nacional,Virtual,Posgrado,Maestría,"Maestría En Pensamiento Estratégico, Prospectiva E Innovación"
"Facultad de Negocios, Gestión y Sostenibilidad",Escuela de Administración y Competitividad,Nacional,Virtual,Pregrado,Profesional,Administración En Salud
"Facultad de Negocios, Gestión y Sostenibilidad",Escuela de Contabilidad Internacional,Nacional,Virtual,Pregrado,Profesional,Contaduría Pública
"Facultad de Negocios, Gestión y Sostenibilidad",Escuela de Contabilidad Internacional,Bogotá D.C,Presencial,Pregrado,Profesional,Contaduría Pública
"Facultad de Negocios, Gestión y Sostenibilidad",Escuela de Contabilidad Internacional,Medellín,Presencial,Pregrado,Profesional,Contaduría Pública
"Facultad de Negocios, Gestión y Sostenibilidad",Escuela de Contabilidad Internacional,Nacional,Virtual,Posgrado,Maestría,Maestría En Dirección Tributaria
"Facultad de Negocios, Gestión y Sostenibilidad",Escuela de Contabilidad Internacional,Nacional,Virtual,Posgrado,Maestría,Maestría En Auditoria Y Aseguramiento De La Información Financiera
"Facultad de Negocios, Gestión y Sostenibilidad",Escuela de Contabilidad Internacional,Bogotá D.C,Presencial,Posgrado,Especialización,Especialización En Gerencia Tributaria
"Facultad de Negocios, Gestión y Sostenibilidad",Escuela de Negocios y Desarrollo Internacional,Nacional,Virtual,Pregrado,Profesional,Negocios Internacionales
"Facultad de Negocios, Gestión y Sostenibilidad",Escuela de Negocios y Desarrollo Internacional,Bogotá D.C,Presencial,Pregrado,Profesional,Administración Hotelera Y Gastronómica
"Facultad de Negocios, Gestión y Sostenibilidad",Escuela de Negocios y Desarrollo Internacional,Medellín,Presencial,Pregrado,Profesional,Negocios Internacionales
"Facultad de Negocios, Gestión y Sostenibilidad",Escuela de Negocios y Desarrollo Internacional,Bogotá D.C,Presencial,Pregrado,Tecnológico,Tecnología En Gestión De Servicios Para Aerolíneas
"Facultad de Negocios, Gestión y Sostenibilidad",Escuela de Negocios y Desarrollo Internacional,Nacional,Virtual,Pregrado,Profesional,Economía
"Facultad de Negocios, Gestión y Sostenibilidad",Escuela de Negocios y Desarrollo Internacional,Nacional,Virtual,Pregrado,Tecnológico,Tecnología En Guianza Turística
"Facultad de Negocios, Gestión y Sostenibilidad",Escuela de Negocios y Desarrollo Internacional,Nacional,Virtual,Posgrado,Maestría,Maestría En Administración Internacional
"Facultad de Negocios, Gestión y Sostenibilidad",Escuela de Negocios y Desarrollo Internacional,Bogotá D.C,Presencial,Pregrado,Profesional,Negocios Internacionales
"Facultad de Negocios, Gestión y Sostenibilidad",Escuela de Negocios y Desarrollo Internacional,Nacional,Virtual,Pregrado,Técnico Profesional,Técnico Profesional En Gestión De Aduanas Y Comercio Exterior
"Facultad de Sociedad, Cultura y Creatividad","Escuela de Comunicaciones, Artes Visuales y Digitales",Medellín,Presencial,Pregrado,Profesional,Comunicación Digital
"Facultad de Sociedad, Cultura y Creatividad","Escuela de Comunicaciones, Artes Visuales y Digitales",Nacional,Virtual,Pregrado,Profesional,Comunicación Social
"Facultad de Sociedad, Cultura y Creatividad","Escuela de Comunicaciones, Artes Visuales y Digitales",Bogotá D.C,Presencial,Posgrado,Especialización,Especialización En Comunicación Corporativa Y Estratégica
"Facultad de Sociedad, Cultura y Creatividad","Escuela de Comunicaciones, Artes Visuales y Digitales",Bogotá D.C,Presencial,Posgrado,Especialización,Especialización En Comunicación Digital
"Facultad de Sociedad, Cultura y Creatividad","Escuela de Comunicaciones, Artes Visuales y Digitales",Bogotá D.C,Presencial,Pregrado,Profesional,Profesional En Medios Audiovisuales
"Facultad de Sociedad, Cultura y Creatividad","Escuela de Comunicaciones, Artes Visuales y Digitales",Bogotá D.C,Presencial,Pregrado,Profesional,Comunicación Social - Periodismo
"Facultad de Sociedad, Cultura y Creatividad",Escuela de Derecho y Gobierno,Medellín,Presencial,Pregrado,Profesional,Derecho
"Facultad de Sociedad, Cultura y Creatividad",Escuela de Derecho y Gobierno,Bogotá D.C,Presencial,Posgrado,Especialización,Especialización En Contratación Estatal Y Negocios Jurídicos De La Administración
"Facultad de Sociedad, Cultura y Creatividad",Escuela de Derecho y Gobierno,Nacional,Virtual,Pregrado,Profesional,Derecho
"Facultad de Sociedad, Cultura y Creatividad",Escuela de Derecho y Gobierno,Bogotá D.C,Presencial,Posgrado,Maestría,Maestría En Contratación Estatal
"Facultad de Sociedad, Cultura y Creatividad",Escuela de Derecho y Gobierno,Nacional,Virtual,Posgrado,Maestría,Maestría En Derecho Administrativo
"Facultad de Sociedad, Cultura y Creatividad",Escuela de Derecho y Gobierno,Nacional,Virtual,Pregrado,Técnico Profesional,Técnica Profesional Judicial
"Facultad de Sociedad, Cultura y Creatividad",Escuela de Derecho y Gobierno,Bogotá D.C,Presencial,Pregrado,Profesional,Derecho
"Facultad de Sociedad, Cultura y Creatividad",Escuela de Derecho y Gobierno,Nacional,Virtual,Posgrado,Maestría,Maestría En Derecho Procesal
"Facultad de Sociedad, Cultura y Creatividad",Escuela de Educación e Innovación,Nacional,Virtual,Pregrado,Profesional,Licenciatura En Ciencias Sociales
"Facultad de Sociedad, Cultura y Creatividad",Escuela de Educación e Innovación,Nacional,Virtual,Posgrado,Especialización,Especialización En Gestión Educativa
"Facultad de Sociedad, Cultura y Creatividad",Escuela de Educación e Innovación,Nacional,Virtual,Posgrado,Maestría,Maestría En Innovación Educativa
"Facultad de Sociedad, Cultura y Creatividad",Escuela de Educación e Innovación,Nacional,Virtual,Pregrado,Profesional,Licenciatura En Educación Infantil (Antes Lic En Educación Para La Primera Infancia)
"Facultad de Sociedad, Cultura y Creatividad",Escuela de Educación e Innovación,Nacional,Virtual,Pregrado,Profesional,Licenciatura En Educación Básica Primaria
"Facultad de Sociedad, Cultura y Creatividad",Escuela de Educación e Innovación,Nacional,Virtual,Pregrado,Profesional,Licenciatura En Ciencias Naturales Y Educación Ambiental
"Facultad de Sociedad, Cultura y Creatividad",Escuela de Educación e Innovación,Nacional,Virtual,Pregrado,Profesional,Licenciatura En Lenguas Extranjeras
"Facultad de Sociedad, Cultura y Creatividad",Escuela de Marketing y Branding,Bogotá D.C,Presencial,Posgrado,Maestría,Maestría En Gerencia Estratégica De Mercadeo
"Facultad de Sociedad, Cultura y Creatividad",Escuela de Marketing y Branding,Medellín,Presencial,Pregrado,Profesional,Mercadeo Y Publicidad
"Facultad de Sociedad, Cultura y Creatividad",Escuela de Marketing y Branding,Medellín,Presencial,Pregrado,Tecnológico,Tecnología En Mercadeo Y Publicidad
"Facultad de Sociedad, Cultura y Creatividad",Escuela de Marketing y Branding,Nacional,Virtual,Posgrado,Especialización,Especialización En Gerencia De Mercadeo
"Facultad de Sociedad, Cultura y Creatividad",Escuela de Marketing y Branding,Nacional,Virtual,Pregrado,Profesional,Mercadeo Y Publicidad
"Facultad de Sociedad, Cultura y Creatividad",Escuela de Marketing y Branding,Nacional,Virtual,Pregrado,Tecnológico,Tecnología En Gestión De Mercadeo
"Facultad de Sociedad, Cultura y Creatividad",Escuela de Marketing y Branding,Bogotá D.C,Presencial,Posgrado,Especialización,Especialización En Gerencia De Mercadeo
"Facultad de Sociedad, Cultura and Branding",Bogotá D.C,Presencial,Pregrado,Profesional,Mercadeo Y Publicidad,
"Facultad de Sociedad, Cultura y Creatividad","Escuela de Psicología, Talento Humano y Sociedad",Bogotá D.C,Presencial,Pregrado,Profesional,Psicología
"Facultad de Sociedad, Cultura y Creatividad","Escuela de Psicología, Talento Humano y Sociedad",Nacional,Virtual,Pregrado,Profesional,Profesional En Gestión De La Seguridad Y La Salud Laboral
"Facultad de Sociedad, Cultura y Creatividad","Escuela de Psicología, Talento Humano y Sociedad",Nacional,Virtual,Pregrado,Profesional,Psicología
"Facultad de Sociedad, Cultura y Creatividad","Escuela de Psicología, Talento Humano y Sociedad",Nacional,Virtual,Posgrado,Especialización,Especialización En Gerencia De La Seguridad Y Salud En El Trabajo
"Facultad de Sociedad, Cultura y Creatividad","Escuela de Psicología, Talento Humano y Sociedad",Nacional,Virtual,Posgrado,Maestría,Maestría En Gerencia Del Talento Humano
"Facultad de Sociedad, Cultura y Creatividad","Escuela de Psicología, Talento Humano y Sociedad",Nacional,Virtual,Pregrado,Tecnológico,Tecnología En Gestión De Recursos Humanos
"Facultad de Sociedad, Cultura y Creatividad","Escuela de Psicología, Talento Humano y Sociedad",Medellín,Presencial,Pregrado,Profesional,Psicología
"Facultad de Sociedad, Cultura y Creatividad","Escuela de Psicología, Talento Humano y Sociedad",Nacional,Virtual,Posgrado,Maestría,Maestría En Neuroeducación E Inclusión
"Facultad de Sociedad, Cultura y Creatividad","Escuela de Psicología, Talento Humano y Sociedad",Nacional,Virtual,Posgrado,Maestría,Maestría En Comportamiento Del Consumidor E Investigación De Mercados
"Facultad de Sociedad, Cultura y Creatividad","Escuela de Psicología, Talento Humano y Sociedad",Nacional,Virtual,Pregrado,Profesional,Trabajo Social
"Facultad de Sociedad, Cultura y Creatividad","Escuela de Psicología, Talento Humano y Sociedad",Bogotá D.C,Presencial,Posgrado,Especialización,Especialización En Neuropsicología Escolar
